"path","sha256","bytes"
"domain-blocks.txt","46335ddb0e75f10f1b2e9e196059b80ae193466dd087721baa19610d457b243e","295"
"domain-info.txt","b31d8d5478465a048fec67f7e3521ed8b510fab05bff5805560048218b1cb3b0","568"
"domain-logs.txt","757290c405c1dc5db3c1268d5245ff9ad730d7651b2cc3da4d6617a396522cb1","163"
"domain-network.txt","a697955690a141bbb8f402429207534d00f34cdde1d1886492a0c699b58f76f3","483"
"domain-xml-inactive.txt","59c44af978adb88e96710a8c46f597c800502e703cfff0dcf387f54d69aa4ed3","3651"
"domain-xml-live.txt","ce0aa420c48dfd4c1a3e2326a2986cf498d370e43c741f787e83ff6f06703ea8","4461"
"domains.txt","a9d4d81da80c385b1e5e73f1309ab3017891166b2485e1bf7a059f36536d6bb1","241"
"graphics.txt","047561bb89fc58eb66ea70efa3f6be3e2e7928d2446d58edd4e32cce0e95e323","509"
"host.txt","04ff8d02e901669891e5885611a2666880a230f50e1d3434a5ba44df0e4bc67d","634"
"resources.txt","70a63bcd717a01946791f79c4962cf7400eb7793c8d8ed32834e66507c6a0a9c","3630"
"services.txt","afa1e5c8d4fb1bd85a0e76f68bff726023e4adf92bb797b741c5e2ac308cd377","5586"
